{
  "train_loss_history": [
    1.0780480254773406,
    1.072137961510129,
    1.069817788624485,
    1.0684486148128767,
    1.0674888158256792,
    1.0668110303759408,
    1.0661952984445902,
    1.0653933340788329,
    1.065073055264367,
    1.0645706419848266,
    1.0642823134632895,
    1.0638248984391139
  ],
  "val_loss_history": [
    1.0709569540730617,
    1.0673589362055993,
    1.0661826134689798,
    1.0642852699478074,
    1.0635607591502971,
    1.062887674458205,
    1.0621761638406149,
    1.0616772624572288,
    1.0612792128242576,
    1.0610085268440486,
    1.0600443671958888,
    1.0599439075338775
  ],
  "val_accuracy": 0.4305150631681244,
  "majority_baseline_accuracy": 0.41612727750579115,
  "class_names": [
    "buy",
    "sell",
    "hold"
  ],
  "val_true_counts": [
    45861,
    49667,
    68083
  ],
  "val_pred_counts": [
    58054,
    54257,
    51300
  ],
  "per_class_recall": [
    0.4619175334161924,
    0.43491654418426723,
    0.40615131530631726
  ],
  "confusion_matrix": [
    [
      21184,
      13402,
      11275
    ],
    [
      15693,
      21601,
      12373
    ],
    [
      21177,
      19254,
      27652
    ]
  ]
}